Week,base_sales,tv_Sales_1,temp,tv_spend,Serial Number,adstock_TV_1,tv_Sales_2,tv_Sales1-base_sales,tv_Sales2-base_sales,tv_Radio_Sales_1-tv_Sales_1,tv_Radio_Sales_2-tv_Sales_2,tv_Radio_Sales_1,tv_Radio_Sales_2,radioSpend,tv_Sales_2_Adstock,tv_Radio_Sales_1_Adstock,tv_Radio_Sales_2_Adstock,String
001,999.4204809,999.4204809,1.204758707,0,1,0,1003.276688,0,3.8562071,8.9016081,4.208772,1008.322089,1007.48546,0,0,0,0,A
002,1016.029389,1016.029389,2.391967106,0,2,0,1008.322283,0,-7.707106,-11.703824,-2.37399,1004.325565,1005.948293,0,0,0,0,A
003,1020.880747,1020.880747,3.544330553,0,3,0,1011.757184,0,-9.123563,-1.568715,6.951158,1019.312032,1018.708342,0,0,0,0,A
004,1020.23093,1020.23093,4.645062004,0,4,0,1020.124702,0,-0.106228,3.038358,-3.649063,1023.269288,1016.475639,0,0,0,0,A
005,1031.258145,1031.258145,5.67812657,0,5,0,1038.014845,0,6.7567,-0.80726,-16.413776,1030.450885,1021.601069,0,0,0,0,A
006,1035.86092,1035.86092,6.628475092,0,6,0,1030.068353,0,-5.792567,-12.377963,-2.095809,1023.482957,1027.972544,0,0,0,0,A
007,1023.420289,1023.420289,7.482263381,0,7,0,1040.622455,0,17.202166,1.984832,-6.346991,1025.405121,1034.275464,0,0,0,0,A
008,1039.223939,1039.223939,8.227053885,0,8,0,1042.386237,0,3.162298,-1.317052,-8.353587,1037.906887,1034.03265,0,0,0,0,A
009,1037.703225,1037.703225,8.851996877,0,9,0,1047.842684,0,10.139459,11.577976,-4.179658,1049.281201,1043.663026,0,0,0,0,A
010,1040.094621,1040.094621,9.347988508,0,10,0,1037.648762,0,-2.445859,15.378247,9.833204,1055.472868,1047.481966,0,0,0,0,A
011,1039.152527,1039.152527,9.707803425,0,11,0,1043.828671,0,4.676144,14.002232,-10.747015,1053.154759,1033.081656,0,0,0,0,A
012,1051.319822,1051.319822,9.926200029,0,12,0,1044.82539,0,-6.494432,1.617443,-0.049814,1052.937265,1044.775576,0,0,0,0,A
013,1049.482126,1049.482126,9.999996829,0,13,0,1050.85234,0,1.370214,6.270918,-2.349444,1055.753044,1048.502896,0,0,0,0,A
014,1050.544905,1050.544905,9.928118792,0,14,0,1046.536077,0,-4.008828,4.029514,-2.120666,1054.574419,1044.415411,0,0,0,0,A
015,1047.227506,1047.227506,9.711613,0,15,0,1042.226841,0,-5.000665,0.289979,13.973416,1047.517485,1056.200257,0,0,0,0,A
016,1053.200508,1053.200508,9.353633399,0,16,0,1048.125383,0,-5.075125,-6.702529,3.632785,1046.497979,1051.758168,0,0,0,0,A
017,1041.624468,1041.624468,8.859394851,0,17,0,1048.879907,0,7.255439,3.902615,-4.198039,1045.527083,1044.681868,0,0,0,0,A
018,1047.458414,1047.458414,8.236097173,0,18,0,1043.903541,0,-3.554873,-1.25712,6.22407,1046.201294,1050.127611,0,0,0,0,A
019,1051.196043,1051.196043,7.492820245,0,19,0,1043.750604,0,-7.445439,-5.138829,-0.389925,1046.057214,1043.360679,0,0,0,0,A
020,1037.437498,1066.830241,6.640391745,390,20,0.979758089,1069.451877,29.392743,32.014379,4.168472,9.987336,1070.998713,1079.439213,0,0.979758089,0.979758089,0.979758089,A
021,1042.148419,1078.503692,5.691229415,250,21,1.211842428,1070.607973,36.355273,28.459554,-4.953379,-4.617085,1073.550313,1065.990888,0,0.97452353,1.211842428,0.97452353,A
022,1027.554666,1057.424865,4.659160168,100,22,0.995673287,1064.623264,29.870199,37.068598,5.012402,2.064103,1062.437267,1066.687367,0,0.826226057,0.995673287,0.826226057,A
023,1034.511112,1059.992303,3.559218658,80,23,0.849373022,1057.991917,25.481191,23.480805,0.19967,-8.776442,1060.191973,1049.215475,0,0.667128916,0.849373022,0.667128916,A
024,1037.203071,1065.811601,2.407428273,120,24,0.953617695,1038.929744,28.60853,1.726673,-8.623286,1.192949,1057.188315,1040.122693,0,0.763072241,0.953617695,0.763072241,A
025,1020.184561,1042.302771,1.220567704,60,25,0.737273672,1055.91509,22.11821,35.730529,12.838308,-20.704497,1055.141079,1035.210593,0,0.617107114,0.737273672,0.617107114,A
026,1022.814275,1029.449738,0.015926529,0,26,0.221182102,1026.336106,6.635463,3.521831,-3.878186,-3.029172,1025.571552,1023.306934,0,0.164729789,0.221182102,0.164729789,A
027,1011.745164,1013.735803,-1.188946655,0,27,0.066354631,1024.817421,1.990639,13.072257,9.135939,-6.718419,1022.871742,1018.099002,0,0,0.066354631,0,A
028,1011.525618,1012.12281,-2.376499873,0,28,0.019906389,1011.313766,0.597192,-0.211852,-1.494068,-4.784423,1010.628742,1006.529343,0,0,0.019906389,0,A
029,1012.143863,1012.323021,-3.529433456,0,29,0.005971917,1004.387306,0.179158,-7.756557,-1.273377,1.641824,1011.049644,1006.02913,0,0,0.005971917,0,A
030,1006.964532,1007.018279,-4.630952059,0,30,0.001791575,1008.414012,0.053747,1.44948,-2.704738,-8.678317,1004.313541,999.735695,0,0,0.001791575,0,A
031,1004.116021,1004.132145,-5.665009321,0,31,0.000537473,999.0605297,0.016124,-5.0554913,-0.223426,15.7999153,1003.908719,1014.860445,0,0,0.000537473,0,A
032,1003.379752,1003.384589,-6.616541626,0,32,0.000161242,993.6279984,0.004837,-9.7517536,-7.7971777,7.7366266,995.5874113,1001.364625,0,0,0.000161242,0,A
033,1005.251042,1005.252493,-7.471687538,0,33,4.84E-05,994.7346923,0.001451,-10.5163497,-11.0823063,-2.4253493,994.1701867,992.309343,0,0,4.84E-05,0,A
034,1002.793348,1002.793783,-8.217989729,0,34,1.45E-05,1000.870524,0.000435,-1.922824,-5.7063377,-4.1650878,997.0874453,996.7054362,0,0,1.45E-05,0,A
035,994.1951067,994.1952373,-8.84457645,0,35,4.35E-06,991.4665555,0.0001306,-2.7285512,-7.9796794,2.4139192,986.2155579,993.8804747,0,0,4.35E-06,0,A
036,990.0732632,990.0733023,-9.342319907,0,36,1.31E-06,984.7799292,3.91E-05,-5.293334,6.8451691,1.069277,996.9184714,985.8492062,0,0,1.31E-06,0,A
037,991.9873372,991.9873489,-9.703969227,0,37,3.92E-07,993.2031921,1.17E-05,1.2158549,-6.5015708,-7.3264742,985.4857781,985.8767179,0,0,3.92E-07,0,A
038,989.3498655,989.3498691,-9.924256088,0,38,1.18E-07,985.0869638,3.60E-06,-4.2629017,7.3691755,-0.8464242,996.7190446,984.2405396,0,0,1.18E-07,0,A
039,1000.828095,1000.828096,-9.999971464,0,39,3.53E-08,988.1613529,1.00E-06,-12.6667421,-7.1132397,5.9822162,993.7148563,994.1435691,0,0,3.53E-08,0,A
040,995.6521167,995.652117,-9.930012372,0,40,1.06E-08,985.5058714,3.00E-07,-10.1462453,-3.1762426,6.0070369,992.4758744,991.5129083,0,0,1.06E-08,0,A
041,998.7745157,998.7745158,-9.715397941,0,41,3.17E-09,996.5735249,1.00E-07,-2.2009908,9.7156732,6.4492581,1008.490189,1003.022783,100,0,3.17E-09,0,A
042,1000.51849,1000.51849,-9.359254563,0,42,9.52E-10,1006.889371,0,6.370881,3.726317,1.397514,1004.244807,1008.286885,100,0,9.52E-10,0,A
043,997.8906805,997.8906806,-8.866770353,0,43,2.86E-10,1001.19446,1.00E-07,3.3037795,10.8048634,5.880706,1008.695544,1007.075166,80,0,2.86E-10,0,A
044,1000.076553,1000.076553,-8.245119569,0,44,8.57E-11,998.0042961,0,-2.0722569,13.018817,15.5061649,1013.09537,1013.510461,80,0,8.57E-11,0,A
045,1007.620796,1007.620796,-7.503358102,0,45,2.57E-11,1006.320832,0,-1.299964,-4.207322,-5.298192,1003.413474,1001.02264,0,0,2.57E-11,0,A
046,1011.718482,1011.718482,-6.652291553,0,46,7.71E-12,1013.420042,0,1.70156,-3.733048,-2.161291,1007.985434,1011.258751,0,0,7.71E-12,0,A
047,1013.228467,1013.228467,-5.704317825,0,47,2.31E-12,1007.505876,0,-5.722591,1.743796,13.826041,1014.972263,1021.331917,0,0,2.31E-12,0,A
048,1013.323671,1013.323671,-4.673246513,0,48,6.94E-13,1019.271101,0,5.94743,-1.104926,3.836156,1012.218745,1023.107257,0,0,6.94E-13,0,A
049,1025.908753,1025.908753,-3.574097736,0,49,2.08E-13,1022.551795,0,-3.356958,-1.168192,-2.69579,1024.740561,1019.856005,0,0,2.08E-13,0,A
050,1021.42991,1021.42991,-2.422883333,0,50,6.25E-14,1025.149419,0,3.719509,10.011304,-4.287483,1031.441214,1020.861936,0,0,6.25E-14,0,A
051,1026.084974,1026.084974,-1.236373604,0,51,1.87E-14,1029.34623,0,3.261256,11.395848,20.308839,1037.480822,1049.655069,0,0,1.87E-14,0,A
052,1048.715693,1048.715693,-0.031853018,0,52,5.62E-15,1038.14637,0,-10.569323,-12.770977,-6.0269,1035.944716,1032.11947,0,0,5.62E-15,0,A
053,1042.480266,1042.480266,1.173131587,0,53,1.69E-15,1049.201519,0,6.721253,-3.212303,-4.854396,1039.267963,1044.347123,0,0,1.69E-15,0,A
054,1045.334132,1045.334132,2.361026611,0,54,5.06E-16,1056.394068,0,11.059936,8.849191,-1.943719,1054.183323,1054.450349,0,0,5.06E-16,0,A
055,1067.099763,1067.099763,3.514527407,0,55,1.52E-16,1057.719021,0,-9.380742,-15.695006,-1.74604,1051.404757,1055.972981,0,0,1.52E-16,0,A
056,1060.810307,1060.810307,4.616830367,0,56,4.55E-17,1064.448405,0,3.638098,2.141909,-13.085634,1062.952216,1051.362771,0,0,4.55E-17,0,A
057,1069.313972,1069.313972,5.651877704,0,57,1.37E-17,1073.837414,0,4.523442,-2.156066,-9.071735,1067.157906,1064.765679,0,0,1.37E-17,0,A
058,1066.644987,1066.644987,6.604591378,0,58,4.10E-18,1067.422488,0,0.777501,12.859736,9.683058,1079.504723,1077.105546,0,0,4.10E-18,0,A
059,1074.129528,1074.129528,7.461092744,0,59,1.23E-18,1075.256061,0,1.126533,-2.353648,8.436484,1071.77588,1083.692545,0,0,1.23E-18,0,A
060,1073.441387,1100.978837,8.208904728,250,60,0.917915001,1116.515322,27.53745,43.073935,0.827922,-13.883664,1101.806759,1102.631658,0,0.917915001,0.917915001,0.917915001,A
061,1084.883736,1119.820876,8.837133588,220,61,1.164571342,1107.722581,34.93714,22.838845,0.84566,11.252034,1120.666536,1118.974615,0,0.947660294,1.164571342,0.947660294,A
062,1080.961355,1110.406114,9.336627608,100,62,0.981491961,1100.842623,29.444759,19.881268,0.507442,4.745723,1110.913556,1105.588346,0,0.80986102,0.981491961,0.80986102,A
063,1090.776523,1118.573568,9.700110413,100,63,0.926568147,1109.365855,27.797045,18.589332,8.093281,6.908193,1126.666849,1116.274048,0,0.727468207,0.926568147,0.727468207,A
064,1092.46543,1121.768717,9.922286973,120,64,0.976776232,1115.715376,29.303287,23.249946,-11.262132,-9.798075,1110.506585,1105.917301,0,0.77686984,0.976776232,0.77686984,A
065,1092.998101,1122.75326,9.999920733,120,65,0.991838658,1112.833018,29.755159,19.834917,-3.620596,2.785057,1119.132664,1115.618075,0,0.789863929,0.991838658,0.789863929,A
066,1098.180061,1107.106609,9.931880764,0,66,0.297551597,1106.511375,8.926548,8.331314,-4.498246,-7.608176,1102.608363,1098.903199,0,0.302323674,0.297551597,0.302323674,A
067,1089.917498,1092.595462,9.719158238,0,67,0.089265479,1081.341696,2.677964,-8.575802,-0.360647,11.261498,1092.234815,1092.603194,0,0,0.089265479,0,A
068,1093.8315,1094.634889,9.364851987,0,68,0.026779644,1093.356814,0.803389,-0.474686,-5.485457,-1.011006,1089.149432,1092.345808,0,0,0.026779644,0,A
069,1088.682421,1088.923438,8.874123364,0,69,0.008033893,1089.174449,0.241017,0.492028,3.266008,0.365902,1092.189446,1089.540351,0,0,0.008033893,0,A
070,1088.109292,1088.181597,8.254121052,0,70,0.002410168,1088.470456,0.072305,0.361164,0.141939,2.304227,1088.323536,1090.774683,0,0,0.002410168,0,A
071,1088.672047,1088.693738,7.513876927,0,71,0.00072305,1080.094131,0.021691,-8.577916,-4.053657,0.236699,1084.640081,1080.33083,0,0,0.00072305,0,A
072,1076.695633,1076.70214,6.664174488,0,72,0.000216915,1090.056911,0.006507,13.361278,3.474469,-4.455177,1080.176609,1085.601734,0,0,0.000216915,0,A
073,1077.396119,1077.398072,5.717391765,0,73,6.51E-05,1085.101333,0.001953,7.705214,10.43746,-3.065251,1087.835532,1082.036082,0,0,6.51E-05,0,A
074,1076.155783,1076.156369,4.687321004,0,74,1.95E-05,1077.533741,0.000586,1.377958,8.283256,10.402574,1084.439625,1087.936315,0,0,1.95E-05,0,A
075,1068.106526,1068.106701,3.588967748,0,75,5.86E-06,1068.489949,0.000175,0.383423,4.906138,11.005871,1073.012839,1079.49582,0,0,5.86E-06,0,A
076,1075.325393,1075.325446,2.438332247,0,76,1.76E-06,1068.14999,5.30E-05,-7.175403,-3.882817,7.616942,1071.442629,1075.766932,0,0,1.76E-06,0,A
077,1063.38984,1063.389856,1.252176369,0,77,5.27E-07,1065.259871,1.60E-05,1.870031,-2.267147,0.229241,1061.122709,1065.489112,0,0,5.27E-07,0,A
078,1058.049071,1058.049076,0.047779426,0,78,1.58E-07,1064.966643,5.00E-06,6.917572,-3.48385,-3.735563,1054.565226,1061.23108,0,0,1.58E-07,0,A
079,1053.016949,1053.01695,-1.157313543,0,79,4.74E-08,1058.788492,1.00E-06,5.771543,2.68399,-1.685363,1055.70094,1057.103129,0,0,4.74E-08,0,A
080,1052.326234,1052.326235,-2.34554736,0,80,1.42E-08,1054.353855,1.00E-06,2.027621,3.610599,-0.173995,1055.936834,1054.17986,0,0,1.42E-08,0,A
081,1050.472863,1050.472863,-3.499612444,0,81,4.27E-09,1034.688773,0,-15.78409,4.191281,16.61034,1054.664144,1051.299113,0,0,4.27E-09,0,A
082,1047.231864,1047.231865,-4.602696964,0,82,1.28E-09,1051.308049,1.00E-06,4.076185,7.246492,-3.317367,1054.478357,1047.990682,0,0,1.28E-09,0,A
083,1040.51416,1040.51416,-5.638731749,0,83,3.84E-10,1049.908337,0,9.394177,4.850186,-6.239998,1045.364346,1043.668339,0,0,3.84E-10,0,A
084,1035.660686,1035.660686,-6.592624376,0,84,1.15E-10,1042.593024,0,6.932338,4.422443,1.852744,1040.083129,1044.445768,0,0,1.15E-10,0,A
085,1043.028847,1043.028847,-7.450479023,0,85,3.46E-11,1032.520857,0,-10.50799,-3.536508,8.782466,1039.492339,1041.303323,0,0,3.46E-11,0,A
086,1035.919815,1035.919815,-8.199798904,0,86,1.04E-11,1038.973637,0,3.053822,4.271467,1.809624,1040.191282,1040.783261,0,0,1.04E-11,0,A
087,1034.417131,1034.417131,-8.82966831,0,87,3.11E-12,1036.092637,0,1.675506,-3.619196,5.32216,1030.797935,1041.414797,0,0,3.11E-12,0,A
088,1031.15838,1031.15838,-9.330911626,0,88,9.34E-13,1035.008269,0,3.849889,2.864568,-2.65468,1034.022948,1032.353589,0,0,9.34E-13,0,A
089,1037.159633,1037.159633,-9.696226995,0,89,2.80E-13,1037.884675,0,0.725042,-3.153848,1.309358,1034.005785,1039.194033,0,0,2.80E-13,0,A
090,1032.639932,1032.639932,-9.92029269,0,90,8.40E-14,1028.566775,0,-4.073157,-2.661711,2.274301,1029.978221,1030.841076,0,0,8.40E-14,0,A
091,1033.849754,1033.849754,-9.999844637,0,91,2.52E-14,1030.516795,0,-3.332959,3.97842,0.668355,1037.828174,1031.18515,0,0,2.52E-14,0,A
092,1028.010329,1028.010329,-9.933723964,0,92,7.56E-15,1030.10938,0,2.099051,17.821239,21.528597,1045.831568,1051.637977,100,0,7.56E-15,0,A
093,1032.219343,1032.219343,-9.722893882,0,93,2.27E-15,1041.734148,0,9.514805,4.949005,12.745972,1037.168348,1054.48012,100,0,2.27E-15,0,A
094,1046.29686,1046.29686,-9.370425657,0,94,6.81E-16,1043.574283,0,-2.722577,0.715405,0.831441,1047.012265,1044.405724,80,0,6.81E-16,0,A
095,1038.05731,1038.05731,-8.881453865,0,95,2.04E-16,1039.318719,0,1.261409,5.419356,15.7141,1043.476666,1055.032819,80,0,2.04E-16,0,A
096,1059.556047,1059.556047,-8.263101597,0,96,6.13E-17,1039.596625,0,-19.959422,-21.919313,8.594729,1037.636734,1048.191354,0,0,6.13E-17,0,A
097,1043.447371,1043.447371,-7.524376693,0,97,1.84E-17,1046.920542,0,3.473171,4.187449,-0.614859,1047.63482,1046.305683,0,0,1.84E-17,0,A
098,1051.312749,1051.312749,-6.676040519,0,98,5.51E-18,1043.465553,0,-7.847196,7.03303,6.765518,1058.345779,1050.231071,0,0,5.51E-18,0,A
099,1058.849535,1058.849535,-5.730451203,0,99,1.65E-18,1056.638617,0,-2.210918,-5.425848,7.183446,1053.423687,1063.822063,0,0,1.65E-18,0,A
100,1060.356785,1079.320401,-4.701383605,100,100,0.632120559,1073.690164,18.963616,13.333379,-0.411385,8.22754,1078.909016,1081.917704,0,0.632120559,0.632120559,0.632120559,A
101,1075.335849,1097.545065,-3.603828656,80,101,0.740307204,1081.712111,22.209216,6.376262,-9.070033,1.668688,1088.475032,1083.380799,0,0.667128916,0.740307204,0.667128916,A
102,1071.258805,1091.457221,-2.453774976,60,102,0.673280525,1087.55782,20.198416,16.299015,2.831574,-7.748003,1094.288795,1079.809817,0,0.568289477,0.673280525,0.568289477,A
103,1077.044281,1102.067423,-1.267975957,100,103,0.834104716,1098.508562,25.023142,21.464281,2.119587,-5.07171,1104.18701,1093.436852,0,0.692721261,0.834104716,0.692721261,A
104,1081.678848,1089.18579,-0.063705713,0,104,0.250231415,1090.866806,7.506942,9.187958,8.552511,-2.808674,1097.738301,1088.058132,0,0.259181779,0.250231415,0.259181779,A
105,1084.440848,1086.69293,1.141492564,0,105,0.075069424,1086.361809,2.252082,1.920961,-4.531222,-4.034903,1082.161708,1082.326906,0,0,0.075069424,0,A
106,1092.236515,1092.91214,2.33006216,0,106,0.022520827,1094.130426,0.675625,1.893911,5.87445,-1.300327,1098.78659,1092.830099,0,0,0.022520827,0,A
107,1107.061742,1107.26443,3.484688603,0,107,0.006756248,1097.383701,0.202688,-9.678041,-2.225075,7.150757,1105.039355,1104.534458,0,0,0.006756248,0,A
108,1095.749171,1095.809978,4.588551886,0,108,0.002026874,1112.031135,0.060807,16.281964,12.164023,-7.385299,1107.974001,1104.645836,0,0,0.002026874,0,A
109,1112.247954,1112.266196,5.625571492,0,109,0.000608062,1108.022863,0.018242,-4.225091,-5.602178,-0.902486,1106.664018,1107.120377,0,0,0.000608062,0,A
110,1105.112365,1105.117837,6.580640651,0,110,0.000182419,1106.098517,0.005472,0.986152,9.288406,11.579115,1114.406243,1117.677632,0,0,0.000182419,0,A
111,1117.212151,1117.213792,7.439846404,0,111,5.47E-05,1119.051786,0.001641,1.839635,-6.089038,-6.167856,1111.124754,1112.88393,0,0,5.47E-05,0,A
112,1114.808575,1114.809067,8.190672282,0,112,1.64E-05,1123.287297,0.000492,8.478722,3.316541,-3.345641,1118.125608,1119.941656,0,0,1.64E-05,0,A
113,1119.762651,1119.762799,8.822180636,0,113,4.93E-06,1127.435881,0.000148,7.67323,2.856898,-5.279179,1122.619697,1122.156702,0,0,4.93E-06,0,A
114,1132.270032,1132.270077,9.325171976,0,114,1.48E-06,1134.633921,4.50E-05,2.363889,-5.51816,-0.756689,1126.751917,1133.877232,0,0,1.48E-06,0,A
115,1128.483869,1128.483882,9.692318982,0,115,4.43E-07,1133.467875,1.30E-05,4.984006,-3.142617,10.654941,1125.341265,1144.122816,0,0,4.43E-07,0,A
116,1139.395933,1139.395937,9.918273244,0,116,1.33E-07,1126.099186,4.00E-06,-13.296747,-7.032404,12.804721,1132.363533,1138.903907,0,0,1.33E-07,0,A
117,1132.686049,1132.68605,9.999743176,0,117,3.99E-08,1125.023336,1.00E-06,-7.662713,2.748886,-0.690244,1135.434936,1124.333092,0,0,3.99E-08,0,A
118,1125.234037,1125.234038,9.935541966,0,118,1.20E-08,1133.50569,1.00E-06,8.271653,12.981367,-4.871667,1138.215405,1128.634023,0,0,1.20E-08,0,A
119,1131.605768,1131.605768,9.726604863,0,119,3.59E-09,1130.044971,0,-1.560797,0.190741,2.971644,1131.796509,1133.016615,0,0,3.59E-09,0,A
120,1135.624588,1135.624588,9.375975558,0,120,1.08E-09,1138.702997,0,3.078409,1.925221,-7.977691,1137.549809,1130.725306,0,0,1.08E-09,0,A
121,1131.011784,1131.011784,8.888761838,0,121,3.23E-10,1129.567488,0,-1.444296,12.474789,8.398401,1143.486573,1137.965889,0,0,3.23E-10,0,A
122,1129.026878,1129.026878,8.272061183,0,122,9.69E-11,1127.649907,0,-1.376971,5.939115,3.831346,1134.965993,1131.481253,0,0,9.69E-11,0,A
123,1128.093658,1128.093658,7.534857373,0,123,2.91E-11,1127.520725,0,-0.572933,5.301184,0.247662,1133.394842,1127.768387,0,0,2.91E-11,0,A
124,1123.768143,1123.768143,6.687889616,0,124,8.73E-12,1125.472609,0,1.704466,4.053685,1.929324,1127.821828,1127.401933,0,0,8.73E-12,0,A
125,1119.010025,1119.010025,5.743496105,0,125,2.62E-12,1111.767112,0,-7.242913,-0.125495,18.821326,1118.88453,1130.588438,0,0,2.62E-12,0,A
126,1125.921316,1125.921316,4.715434281,0,126,7.85E-13,1113.771277,0,-12.150039,-7.419819,6.364934,1118.501497,1120.136211,0,0,7.85E-13,0,A
127,1115.039092,1115.039092,3.618680423,0,127,2.36E-13,1114.417797,0,-0.621295,1.295828,-1.168382,1116.33492,1113.249415,0,0,2.36E-13,0,A
128,1114.591413,1114.591413,2.469211481,0,128,7.07E-14,1110.164687,0,-4.426726,0.092815,-1.964542,1114.684228,1108.200145,0,0,7.07E-14,0,A
129,1109.706931,1109.706931,1.283772329,0,129,2.12E-14,1100.516287,0,-9.190644,-0.26638,12.472756,1109.440551,1112.989043,0,0,2.12E-14,0,A
130,1099.17684,1099.17684,0.079631838,0,130,6.36E-15,1105.00703,0,5.83019,11.621728,-9.615824,1110.798568,1095.391206,0,0,6.36E-15,0,A
131,1103.182718,1103.182718,-1.125668689,0,131,1.91E-15,1104.720581,0,1.537863,-5.744811,-5.883394,1097.437907,1098.837187,0,0,1.91E-15,0,A
132,1103.304252,1103.304252,-2.31457105,0,132,5.72E-16,1099.292389,0,-4.011863,-6.255171,0.688244,1097.049081,1099.980633,0,0,5.72E-16,0,A
133,1086.855368,1086.855368,-3.469755924,0,133,1.72E-16,1093.046683,0,6.191315,12.452507,1.364464,1099.307875,1094.411147,0,0,1.72E-16,0,A
134,1090.182853,1090.182853,-4.574395169,0,134,5.15E-17,1079.057155,0,-11.125698,-11.575855,9.558205,1078.606998,1088.61536,0,0,5.15E-17,0,A
135,1087.43323,1087.43323,-5.612396966,0,135,1.55E-17,1086.141877,0,-1.291353,-1.239304,-12.896294,1086.193926,1073.245583,0,0,1.55E-17,0,A
136,1066.754538,1066.754538,-6.568640235,0,136,4.64E-18,1079.308431,0,12.553893,20.84859,2.899002,1087.603128,1082.207433,0,0,4.64E-18,0,A
137,1077.314231,1077.314231,-7.429194914,0,137,1.39E-18,1076.502438,0,-0.811793,2.170874,7.229782,1079.485105,1083.73222,0,0,1.39E-18,0,A
138,1075.729121,1075.729121,-8.181524883,0,138,4.17E-19,1079.500815,0,3.771694,9.434695,-5.821254,1085.163816,1073.679561,0,0,4.17E-19,0,A
139,1079.874109,1079.874109,-8.814670583,0,139,1.25E-19,1074.896742,0,-4.977367,0.658594,-6.059447,1080.532703,1068.837295,0,0,1.25E-19,0,A
140,1071.358089,1071.358089,-9.319408672,0,140,3.76E-20,1069.718626,0,-1.639463,-4.66794,0.779387,1066.690149,1070.498013,0,0,3.76E-20,0,A
141,1068.98821,1068.98821,-9.688386384,0,141,1.13E-20,1073.143499,0,4.155289,11.465291,-0.596233,1080.453501,1072.547266,0,0,1.13E-20,0,A
142,1071.984202,1071.984202,-9.916228639,0,142,3.38E-21,1065.315261,0,-6.668941,1.550721,3.271913,1073.534923,1068.587174,0,0,3.38E-21,0,A
143,1076.098953,1076.098953,-9.99961635,0,143,1.01E-21,1074.415536,0,-1.683417,-4.616401,4.90372,1071.482552,1079.319256,0,0,1.01E-21,0,A
144,1070.958047,1070.958047,-9.937334766,0,144,3.04E-22,1075.967751,0,5.009704,19.672447,5.76386,1090.630494,1081.731611,100,0,3.04E-22,0,A
145,1068.462282,1068.462282,-9.730291173,0,145,9.13E-23,1078.704449,0,10.242167,19.973575,0.167196,1088.435857,1078.871645,100,0,9.13E-23,0,A
146,1077.557494,1077.557494,-9.381501677,0,146,2.74E-23,1082.434106,0,4.876612,15.551886,9.874525,1093.10938,1092.308631,80,0,2.74E-23,0,A
147,1084.924815,1084.924815,-8.896047264,0,147,8.21E-24,1085.48821,0,0.563395,-12.526428,-0.542585,1072.398387,1084.945625,0,0,8.21E-24,0,A
148,1085.631017,1085.631017,-8.280999786,0,148,2.46E-24,1079.031747,0,-6.59927,-3.655519,15.45308,1081.975498,1094.484827,0,0,2.46E-24,0,A
149,1086.819616,1086.819616,-7.54531894,0,149,7.39E-25,1095.066244,0,8.246628,8.394188,-2.956644,1095.213804,1092.1096,0,0,7.39E-25,0,A
150,1090.044548,1119.842409,-6.699721749,500,150,0.993262053,1127.289798,29.797861,37.24525,7.823555,-1.778225,1127.665964,1125.511573,0,0.993262053,0.993262053,0.993262053,A
151,1092.894298,1127.773598,-5.756526439,200,151,1.162643333,1134.283695,34.8793,41.389397,-4.943026,-2.772838,1122.830572,1131.510857,0,0.969802617,1.162643333,0.969802617,A
152,1105.663682,1142.067413,-4.729472996,200,152,1.213457717,1129.394556,36.403731,23.730874,-3.426396,-2.688573,1138.641017,1126.705983,0,0.925726422,1.213457717,0.925726422,A
153,1097.57049,1127.455227,-3.633523012,100,153,0.996157874,1131.917777,29.884737,34.347287,19.205244,13.688617,1146.660471,1145.606394,0,0.798103482,0.996157874,0.798103482,A
154,1119.931309,1149.860903,-2.484641722,120,154,0.99765315,1131.847109,29.929594,11.9158,-12.958905,5.599052,1136.901998,1137.446161,0,0.77686984,0.99765315,0.77686984,A
155,1116.796596,1146.739648,-1.299565444,120,155,0.998101733,1139.353294,29.943052,22.556698,3.463467,-3.564129,1150.203115,1135.789165,0,0.789863929,0.998101733,0.789863929,A
156,1124.295895,1133.278811,-0.095557761,0,156,0.29943052,1134.751215,8.982916,10.45532,-3.705271,-2.723934,1129.57354,1132.027281,0,0.302323674,0.29943052,0.302323674,A
157,1134.512998,1137.207872,1.109841958,0,157,0.089829156,1133.058358,2.694874,-1.45464,-3.433716,5.069264,1133.774156,1138.127622,0,0,0.089829156,0,A
158,1130.563285,1131.371748,2.299074068,0,158,0.026948747,1136.595049,0.808463,6.031764,9.097626,3.7137,1140.469374,1140.308749,0,0,0.026948747,0,A
159,1145.03961,1145.282148,3.454814443,0,159,0.008084624,1142.199856,0.242538,-2.839754,-3.035457,-13.480725,1142.246691,1128.719131,0,0,0.008084624,0,A
160,1141.828364,1141.901126,4.560226849,0,160,0.002425387,1149.222648,0.072762,7.394284,16.534841,-1.25066,1158.435967,1147.971988,0,0,0.002425387,0,A
161,1151.982747,1152.004576,5.599208203,0,161,0.000727616,1153.691867,0.021829,1.70912,-0.211871,-15.453918,1151.792705,1138.237949,0,0,0.000727616,0,A
162,1148.782595,1148.789143,6.556623157,0,162,0.000218285,1154.902528,0.006548,6.119933,3.286226,-6.04673,1152.075369,1148.855798,0,0,0.000218285,0,A
163,1153.594707,1153.596672,7.418524579,0,163,6.55E-05,1164.669531,0.001965,11.074824,4.666599,-4.017684,1158.263271,1160.651847,0,0,6.55E-05,0,A
164,1154.823385,1154.823975,8.172356731,0,164,1.96E-05,1161.024854,0.00059,6.201469,5.978656,7.444963,1160.802631,1168.469817,0,0,1.96E-05,0,A
165,1169.549957,1169.550134,8.807138172,0,165,5.89E-06,1163.851866,0.000177,-5.698091,-1.527406,8.873042,1168.022728,1172.724908,0,0,5.89E-06,0,A
166,1168.287677,1168.28773,9.313621729,0,166,1.77E-06,1166.763129,5.30E-05,-1.524548,1.77522,0.284439,1170.06295,1167.047568,0,0,1.77E-06,0,A
167,1169.224972,1169.224988,9.684429211,0,167,5.30E-07,1177.775941,1.60E-05,8.550969,3.376358,-9.493078,1172.601346,1168.282863,0,0,5.30E-07,0,A
168,1172.646452,1172.646457,9.914158882,0,168,1.59E-07,1165.560143,5.00E-06,-7.086309,4.171702,11.570653,1176.818159,1177.130796,0,0,1.59E-07,0,A
169,1180.450681,1180.450683,9.99946416,0,169,4.77E-08,1171.110734,2.00E-06,-9.339947,-5.735043,2.802439,1174.71564,1173.913173,0,0,4.77E-08,0,A
170,1170.338111,1170.338112,9.939102359,0,170,1.43E-08,1173.128419,1.00E-06,2.790308,-1.294522,14.402506,1169.04359,1187.530925,0,0,1.43E-08,0,A
171,1168.180721,1168.180721,9.733952801,0,171,4.30E-09,1176.169025,0,7.988304,7.969689,-6.258497,1176.15041,1169.910528,0,0,4.30E-09,0,A
172,1180.88448,1180.88448,9.387003999,0,172,1.29E-09,1169.016003,0,-11.868477,-10.626887,6.586354,1170.257593,1175.602357,0,0,1.29E-09,0,A
173,1174.815824,1174.815824,8.903310125,0,173,3.87E-10,1173.652412,0,-1.163412,1.114941,7.699439,1175.930765,1181.351851,0,0,3.87E-10,0,A
174,1173.767228,1173.767228,8.289917384,0,174,1.16E-10,1172.529689,0,-1.237539,7.184823,1.914567,1180.952051,1174.444256,0,0,1.16E-10,0,A
175,1172.24531,1172.24531,7.555761369,0,175,3.48E-11,1175.136169,0,2.890859,3.471807,-14.943387,1175.717117,1160.192782,0,0,3.48E-11,0,A
176,1157.160256,1157.160256,6.711536887,0,176,1.04E-11,1170.122816,0,12.96256,12.695568,-0.672865,1169.855824,1169.449951,0,0,1.04E-11,0,A
177,1167.558734,1167.558734,5.76954217,0,177,3.13E-12,1164.912947,0,-2.645787,-8.771909,-2.498334,1158.786825,1162.414613,0,0,3.13E-12,0,A
178,1154.859409,1154.859409,4.743499715,0,178,9.40E-13,1160.321184,0,5.461775,10.534969,-3.356683,1165.394378,1156.964501,0,0,9.40E-13,0,A
179,1144.912292,1144.912292,3.648356383,0,179,2.82E-13,1160.912527,0,16.000235,8.909025,-5.970002,1153.821317,1154.942525,0,0,2.82E-13,0,A
180,1150.619558,1150.619558,2.500065662,0,180,8.46E-14,1156.616766,0,5.997208,10.418826,-6.137147,1161.038384,1150.479619,0,0,8.46E-14,0,A
181,1157.917653,1157.917653,1.315355263,0,181,2.54E-14,1157.226457,0,-0.691196,-17.955208,-7.521664,1139.962445,1149.704793,0,0,2.54E-14,0,A
182,1150.404545,1150.404545,0.111483442,0,182,7.61E-15,1145.242109,0,-5.162436,-6.114729,-0.65707,1144.289816,1144.585039,0,0,7.61E-15,0,A
183,1138.103166,1138.103166,-1.094012413,0,183,2.28E-15,1133.455184,0,-4.647982,4.921181,5.673757,1143.024347,1139.128941,0,0,2.28E-15,0,A
184,1130.899948,1130.899948,-2.283571255,0,184,6.85E-16,1132.061784,0,1.161836,11.162167,-1.775338,1142.062115,1130.286446,0,0,6.85E-16,0,A
185,1131.084027,1131.084027,-3.439864199,0,185,2.06E-16,1140.317131,0,9.233104,0.432975,-4.627366,1131.517002,1135.689765,0,0,2.06E-16,0,A
186,1125.744216,1125.744216,-4.546046962,0,186,6.17E-17,1128.451461,0,2.707245,4.307511,0.054685,1130.051727,1128.506146,0,0,6.17E-17,0,A
187,1125.432426,1125.432426,-5.586005238,0,187,1.85E-17,1127.422325,0,1.989899,8.055904,-4.518443,1133.48833,1122.903882,0,0,1.85E-17,0,A
188,1134.07295,1134.07295,-6.544589448,0,188,5.55E-18,1120.908725,0,-13.164225,-14.82599,-6.971292,1119.24696,1113.937433,0,0,5.55E-18,0,A
189,1116.449587,1116.449587,-7.407835427,0,189,1.66E-18,1123.561162,0,7.111575,7.704793,-3.852057,1124.15438,1119.709105,0,0,1.66E-18,0,A
190,1111.86688,1111.86688,-8.16316785,0,190,4.99E-19,1117.571914,0,5.705034,17.270421,3.757934,1129.137301,1121.329848,0,0,4.99E-19,0,A
191,1105.918575,1105.918575,-8.799583421,0,191,1.50E-19,1105.536151,0,-0.382424,10.506514,7.626467,1116.425089,1113.162618,0,0,1.50E-19,0,A
192,1112.540191,1112.540191,-9.307811162,0,192,4.49E-20,1108.00943,0,-4.530761,1.223094,12.856768,1113.763285,1120.866198,0,0,4.49E-20,0,A
193,1117.687576,1117.687576,-9.680447472,0,193,1.35E-20,1114.605238,0,-3.082338,-1.198074,4.161944,1116.489502,1118.767182,0,0,1.35E-20,0,A
194,1113.412834,1113.412834,-9.912063977,0,194,4.04E-21,1113.94443,0,0.531596,1.955652,-5.408945,1115.368486,1108.535485,0,0,4.04E-21,0,A
195,1108.24183,1108.24183,-9.999286605,0,195,1.21E-21,1114.053022,0,5.811192,4.943261,1.084882,1113.185091,1115.137904,0,0,1.21E-21,0,A
196,1110.400365,1110.400365,-9.940844742,0,196,3.64E-22,1117.459324,0,7.058959,5.782001,-1.368616,1116.182366,1116.090708,0,0,3.64E-22,0,A
197,1119.48774,1119.48774,-9.737589739,0,197,1.09E-22,1117.215041,0,-2.272699,4.030749,4.843038,1123.518489,1122.058079,100,0,1.09E-22,0,A
198,1119.992859,1119.992859,-9.39248251,0,198,3.28E-23,1119.827853,0,-0.165006,3.336708,18.498686,1123.329567,1138.326539,100,0,3.28E-23,0,A
199,1119.299722,1119.299722,-8.910550402,0,199,9.83E-24,1121.690932,0,2.39121,6.381509,8.328785,1125.681231,1130.019717,80,0,9.83E-24,0,A
200,1127.305271,1154.842721,-8.298813954,250,200,0.917915001,1146.580705,27.53745,19.275434,9.732256,2.017031,1164.574977,1148.597736,80,0.917915001,0.917915001,0.917915001,A
201,1124.793907,1154.019315,-7.566184631,120,201,0.974180289,1168.901476,29.225408,44.107569,14.055861,-17.479399,1168.075176,1151.422077,0,0.857725928,0.974180289,0.857725928,A
202,1135.835888,1170.543452,-6.723335002,200,202,1.156918803,1156.178794,34.707564,20.342906,-8.559766,5.888313,1161.983686,1162.067107,0,0.905579777,1.156918803,0.905579777,A
203,1137.509374,1166.88526,-5.782543268,100,203,0.9791962,1165.736604,29.375886,28.22723,-0.168754,-5.100855,1166.716506,1160.635749,0,0.798103482,0.9791962,0.798103482,A
204,1143.687136,1173.464075,-4.757514402,120,204,0.992564648,1171.593132,29.776939,27.905996,5.380644,-9.775586,1178.844719,1161.817546,0,0.77686984,0.992564648,0.77686984,A
205,1151.316678,1181.213933,-3.6631805,120,205,0.996575182,1172.219903,29.897255,20.903225,1.494481,0.576474,1182.708414,1172.796377,0,0.789863929,0.996575182,0.789863929,A
206,1153.931558,1162.900734,-2.51548326,0,206,0.298972555,1152.712081,8.969176,-1.219477,4.234598,9.424858,1167.135332,1162.136939,0,0.302323674,0.298972555,0.302323674,A
207,1156.665686,1159.356439,-1.331141746,0,207,0.089691766,1168.259499,2.690753,11.593813,5.93765,-14.18411,1165.294089,1154.075389,0,0,0.089691766,0,A
208,1158.854615,1159.661841,-0.12740884,0,208,0.02690753,1164.682831,0.807226,5.828216,8.249175,6.801631,1167.911016,1171.484462,0,0,0.02690753,0,A
209,1168.780474,1169.022642,1.078180093,0,209,0.008072259,1164.16333,0.242168,-4.617144,4.47016,15.345318,1173.492802,1179.508648,0,0,0.008072259,0,A
210,1171.678094,1171.750744,2.268062649,0,210,0.002421678,1165.207808,0.07265,-6.470286,9.109868,17.150945,1180.860612,1182.358753,0,0,0.002421678,0,A
211,1185.971682,1185.993477,3.42490523,0,211,0.000726503,1193.34957,0.021795,7.377888,0.478659,-20.867126,1186.472136,1172.482444,0,0,0.000726503,0,A
212,1183.368852,1183.37539,4.531855543,0,212,0.000217951,1176.402745,0.006538,-6.966107,8.319318,5.811098,1191.694708,1182.213843,0,0,0.000217951,0,A
213,1191.057841,1191.059803,5.572788103,0,213,6.54E-05,1195.468132,0.001962,4.410291,2.111323,-1.224395,1193.171126,1194.243737,0,0,6.54E-05,0,A
214,1187.834962,1187.83555,6.532539138,0,214,1.96E-05,1197.595785,0.000588,9.760823,8.228491,0.462117,1196.064041,1198.057902,0,0,1.96E-05,0,A
215,1198.016435,1198.016611,7.397127485,0,215,5.88E-06,1203.066356,0.000176,5.049921,2.584715,-11.534773,1200.601326,1191.531583,0,0,5.88E-06,0,A
216,1213.946048,1213.946101,8.153958263,0,216,1.77E-06,1205.507444,5.30E-05,-8.438604,-8.907868,13.394356,1205.038233,1218.9018,0,0,1.77E-06,0,A
217,1208.582338,1208.582353,8.792006349,0,217,5.30E-07,1204.444089,1.50E-05,-4.138249,10.726226,2.315515,1219.308579,1206.759604,0,0,5.30E-07,0,A
218,1212.609709,1212.609714,9.301976985,0,218,1.59E-07,1203.522578,5.00E-06,-9.087131,2.805523,4.967806,1215.415237,1208.490384,0,0,1.59E-07,0,A
219,1213.882343,1213.882345,9.676441179,0,219,4.77E-08,1218.848365,2.00E-06,4.966022,0.679982,0.156795,1214.562327,1219.00516,0,0,4.77E-08,0,A
220,1208.111974,1227.075591,9.90994393,100,220,0.632120573,1226.787286,18.963617,18.675312,0.612766,11.415317,1227.688357,1238.202603,0,0.632120559,0.632120573,0.632120559,A
221,1210.439625,1235.092327,9.999083687,100,221,0.821756731,1234.333322,24.652702,23.893697,6.405174,-4.646209,1241.497501,1229.687113,0,0.727468207,0.821756731,0.727468207,A
222,1217.209755,1241.125697,9.942561909,80,222,0.797198055,1236.656651,23.915942,19.446896,-0.355222,-1.423004,1240.770475,1235.233647,0,0.667128916,0.797198055,0.667128916,A
223,1222.175074,1242.885508,9.741201976,60,223,0.69034778,1225.28915,20.710434,3.114076,-10.326481,3.446865,1232.559027,1228.736015,0,0.568289477,0.69034778,0.568289477,A
224,1217.865099,1224.078229,9.397937197,0,224,0.207104334,1218.127184,6.21313,0.262085,-1.635218,2.021938,1222.443011,1220.149122,0,0.164729789,0.207104334,0.164729789,A
225,1212.5448,1214.408739,8.917768077,0,225,0.0621313,1212.879023,1.863939,0.334223,-7.141499,2.064141,1207.26724,1214.943164,0,0,0.0621313,0,A
226,1212.085898,1212.64508,8.307689475,0,226,0.01863939,1213.891909,0.559182,1.806011,-0.028221,0.758979,1212.616859,1214.650888,0,0,0.01863939,0,A
227,1209.81648,1209.984235,7.576588702,0,227,0.005591817,1214.13445,0.167755,4.31797,-4.653397,0.403391,1205.330838,1214.537841,0,0,0.005591817,0,A
228,1205.965635,1206.015961,6.735116062,0,228,0.001677545,1213.199326,0.050326,7.233691,6.790382,-4.473272,1212.806343,1208.726054,0,0,0.001677545,0,A
229,1200.415693,1200.430791,5.795529697,0,229,0.000503264,1200.897119,0.015098,0.481426,-0.89207,-3.908944,1199.538721,1196.988175,0,0,0.000503264,0,A
230,1192.070918,1192.075447,4.771517021,0,230,0.000150979,1207.549654,0.004529,15.478736,3.473842,-2.054034,1195.549289,1205.49562,0,0,0.000150979,0,A
231,1204.753278,1204.754636,3.677995326,0,231,4.53E-05,1202.788262,0.001358,-1.965016,-2.898427,4.639267,1201.856209,1207.427529,0,0,4.53E-05,0,A
232,1198.388114,1198.388522,2.530894477,0,232,1.36E-05,1194.292199,0.000408,-4.095915,4.993711,0.741836,1203.382233,1195.034035,0,0,1.36E-05,0,A
233,1187.780667,1187.78079,1.346924852,0,233,4.08E-06,1191.986052,0.000123,4.205385,0.828325,0.392625,1188.609115,1192.378677,0,0,4.08E-06,0,A
234,1190.730955,1190.730992,0.143333915,0,234,1.22E-06,1184.419769,3.70E-05,-6.311186,-7.556452,1.787067,1183.17454,1186.206836,0,0,1.22E-06,0,A
235,1168.299914,1168.299925,-1.062345037,0,235,3.67E-07,1190.478415,1.10E-05,22.178501,15.662336,-7.855979,1183.962261,1182.622436,0,0,3.67E-07,0,A
236,1181.724002,1181.724005,-2.252548291,0,236,1.10E-07,1178.894926,3.00E-06,-2.829076,-8.809117,-3.79757,1172.914888,1175.097356,0,0,1.10E-07,0,A
237,1178.707685,1178.707686,-3.409937573,0,237,3.30E-08,1167.900935,1.00E-06,-10.80675,-3.840912,1.151931,1174.866774,1169.052866,0,0,3.30E-08,0,A
238,1169.826925,1169.826926,-4.517652629,0,238,9.91E-09,1180.370534,1.00E-06,10.543609,-3.076517,-9.534007,1166.750409,1170.836527,0,0,9.91E-09,0,A
239,1158.190261,1158.190261,-5.559556833,0,239,2.97E-09,1180.897142,0,22.706881,1.554692,-12.286683,1159.744953,1168.610459,0,0,2.97E-09,0,A
240,1161.180793,1190.274871,-6.520472258,350,240,0.969802617,1183.59677,29.094078,22.415977,8.417116,22.184035,1198.691987,1205.780805,0,0.969802617,0.969802617,0.969802617,A
241,1164.974956,1202.052483,-7.386400779,290,241,1.235917565,1186.622635,37.077527,21.647679,-7.164311,1.204322,1194.888172,1187.826957,0,0.980745298,1.235917565,0.980745298,A
242,1158.89029,1188.977165,-8.144727993,100,242,1.002895828,1189.727485,30.086875,30.837195,3.717499,0.623342,1192.694664,1190.350827,0,0.845876338,1.002895828,0.845876338,A
243,1159.792991,1187.78267,-8.784406976,100,243,0.932989307,1179.465254,27.989679,19.672263,-0.422587,-3.450886,1187.360083,1176.014368,0,0.727468207,0.932989307,0.727468207,A
244,1158.759243,1188.120321,-9.296119213,120,244,0.97870258,1189.147196,29.361078,30.387953,3.399129,-10.130483,1191.51945,1179.016713,0,0.77686984,0.97870258,0.77686984,A
245,1152.120244,1181.892741,-9.672410342,120,245,0.992416562,1185.321653,29.772497,33.201409,-0.914313,-12.912743,1180.978428,1172.40891,0,0.789863929,0.992416562,0.789863929,A
246,1153.18283,1162.11458,-9.907798745,0,246,0.297724969,1162.534368,8.93175,9.351538,0.327186,2.433723,1162.441766,1164.968091,0,0.302323674,0.297724969,0.302323674,A
247,1163.706916,1166.386441,-9.998855406,0,247,0.089317491,1159.146409,2.679525,-4.560507,-10.083498,-2.64395,1156.302943,1156.502459,0,0,0.089317491,0,A
248,1155.436419,1156.240277,-9.944253857,0,248,0.026795247,1158.549786,0.803858,3.113367,7.735447,-15.324292,1163.975724,1143.225494,0,0,0.026795247,0,A
249,1158.027378,1158.268535,-9.744789505,0,249,0.008038574,1155.948281,0.241157,-2.079097,7.770835,16.686264,1166.03937,1172.634545,100,0,0.008038574,0,A
250,1167.943518,1168.015865,-9.403368046,0,250,0.002411572,1161.736478,0.072347,-6.20704,3.896532,14.177289,1171.912397,1175.913767,100,0,0.002411572,0,A
251,1163.068927,1163.090632,-8.924963132,0,251,0.000723472,1162.46749,0.021705,-0.601437,0.129292,11.01833,1163.219924,1173.48582,80,0,0.000723472,0,A
252,1164.15258,1164.159092,-8.316543922,0,252,0.000217042,1171.989507,0.006512,7.836927,10.970174,-1.28093,1175.129266,1170.708577,80,0,0.000217042,0,A
253,1180.88842,1180.890373,-7.586973555,0,253,6.51E-05,1163.782123,0.001953,-17.106297,-6.688699,20.674084,1174.201674,1184.456207,80,0,6.51E-05,0,A
254,1171.684885,1171.685471,-6.746880039,0,254,1.95E-05,1173.287404,0.000586,1.602519,-2.992368,0.760525,1168.693103,1174.047929,0,0,1.95E-05,0,A
255,1178.058263,1178.058439,-5.808501426,0,255,5.86E-06,1177.67213,0.000176,-0.386133,-2.878136,-5.322055,1175.180303,1172.350075,0,0,5.86E-06,0,A
256,1182.811882,1182.811934,-4.785507537,0,256,1.76E-06,1183.794947,5.20E-05,0.983065,8.588503,-5.158476,1191.400437,1178.636471,0,0,1.76E-06,0,A
257,1191.700526,1191.700542,-3.692800822,0,257,5.27E-07,1180.486558,1.60E-05,-11.213968,2.241685,14.905572,1193.942227,1195.39213,0,0,5.27E-07,0,A
258,1187.976077,1187.976081,-2.546299274,0,258,1.58E-07,1193.551833,4.00E-06,5.575756,7.02679,-1.898268,1195.002871,1191.653565,0,0,1.58E-07,0,A
259,1196.69478,1196.694782,-1.362704541,0,259,4.75E-08,1207.741175,2.00E-06,11.046395,3.64372,-2.809982,1200.338502,1204.931193,0,0,4.75E-08,0,A
260,1211.215776,1211.215776,-0.159258626,0,260,1.42E-08,1209.987728,0,-1.228048,-0.479778,-2.719616,1210.735998,1207.268112,0,0,1.42E-08,0,A
